page_id,title,url,sections_count,total_words
e20156a5a0808985,AMAZING ONLINE,https://wiki.amazing-online.com/index.php?title=AMAZING_ONLINE,10,642
ea637d9d940aea2a,Как начать играть,https://wiki.amazing-online.com/index.php?title=%D0%9A%D0%B0%D0%BA_%D0%BD%D0%B0%D1%87%D0%B0%D1%82%D1%8C_%D0%B8%D0%B3%D1%80%D0%B0%D1%82%D1%8C,7,1010
f61988d5b535b7f4,Первые шаги,https://wiki.amazing-online.com/index.php?title=%D0%9F%D0%B5%D1%80%D0%B2%D1%8B%D0%B5_%D1%88%D0%B0%D0%B3%D0%B8,10,639
dd0f63b24a42b6b7,Квестовые персонажи,https://wiki.amazing-online.com/index.php?title=%D0%9A%D0%B2%D0%B5%D1%81%D1%82%D0%BE%D0%B2%D1%8B%D0%B5_%D0%BF%D0%B5%D1%80%D1%81%D0%BE%D0%BD%D0%B0%D0%B6%D0%B8,7,117
741788b13758a9ca,Администрация,https://wiki.amazing-online.com/index.php?title=%D0%90%D0%B4%D0%BC%D0%B8%D0%BD%D0%B8%D1%81%D1%82%D1%80%D0%B0%D1%86%D0%B8%D1%8F,3,279
2aef38c5ba3c9691,Игровые акции,https://wiki.amazing-online.com/index.php?title=%D0%98%D0%B3%D1%80%D0%BE%D0%B2%D1%8B%D0%B5_%D0%B0%D0%BA%D1%86%D0%B8%D0%B8,3,191
e31ae87e8a46fcad,Игровой сайт,https://wiki.amazing-online.com/index.php?title=%D0%98%D0%B3%D1%80%D0%BE%D0%B2%D0%BE%D0%B9_%D1%81%D0%B0%D0%B9%D1%82,16,448
35c21b173a49a740,Вопросы и ответы (F.A.Q.),https://wiki.amazing-online.com/index.php?title=%D0%92%D0%BE%D0%BF%D1%80%D0%BE%D1%81%D1%8B_%D0%B8_%D0%BE%D1%82%D0%B2%D0%B5%D1%82%D1%8B_(F.A.Q.),29,212
a90d8114d43cd6ac,Информация про жалобы,https://wiki.amazing-online.com/index.php?title=%D0%98%D0%BD%D1%84%D0%BE%D1%80%D0%BC%D0%B0%D1%86%D0%B8%D1%8F_%D0%BF%D1%80%D0%BE_%D0%B6%D0%B0%D0%BB%D0%BE%D0%B1%D1%8B,9,363
21f59ba95c27ae33,Интересные места,https://wiki.amazing-online.com/index.php?title=%D0%98%D0%BD%D1%82%D0%B5%D1%80%D0%B5%D1%81%D0%BD%D1%8B%D0%B5_%D0%BC%D0%B5%D1%81%D1%82%D0%B0,1,274
758a9be62c1fb6ba,Как пройти собеседование,https://wiki.amazing-online.com/index.php?title=%D0%9A%D0%B0%D0%BA_%D0%BF%D1%80%D0%BE%D0%B9%D1%82%D0%B8_%D1%81%D0%BE%D0%B1%D0%B5%D1%81%D0%B5%D0%B4%D0%BE%D0%B2%D0%B0%D0%BD%D0%B8%D0%B5,7,525
847311f8daa18211,Как купить автомобиль,https://wiki.amazing-online.com/index.php?title=%D0%9A%D0%B0%D0%BA_%D0%BA%D1%83%D0%BF%D0%B8%D1%82%D1%8C_%D0%B0%D0%B2%D1%82%D0%BE%D0%BC%D0%BE%D0%B1%D0%B8%D0%BB%D1%8C,3,285
778261deb71072e9,Как выбрать RP никнейм,https://wiki.amazing-online.com/index.php?title=%D0%9A%D0%B0%D0%BA_%D0%B2%D1%8B%D0%B1%D1%80%D0%B0%D1%82%D1%8C_RP_%D0%BD%D0%B8%D0%BA%D0%BD%D0%B5%D0%B9%D0%BC,3,109
a1101024f094f7bc,Система повышения в организациях,https://wiki.amazing-online.com/index.php?title=%D0%A1%D0%B8%D1%81%D1%82%D0%B5%D0%BC%D0%B0_%D0%BF%D0%BE%D0%B2%D1%8B%D1%88%D0%B5%D0%BD%D0%B8%D1%8F_%D0%B2_%D0%BE%D1%80%D0%B3%D0%B0%D0%BD%D0%B8%D0%B7%D0%B0%D1%86%D0%B8%D1%8F%D1%85,7,333
4da9bbca3ccbdb3b,RED,https://wiki.amazing-online.com/index.php?title=RED,11,214
f637e93039360a8a,YELLOW,https://wiki.amazing-online.com/index.php?title=YELLOW,10,166
47cacf4132db1f6b,GREEN,https://wiki.amazing-online.com/index.php?title=GREEN,10,184
610c2c7ce67d7c6c,AZURE,https://wiki.amazing-online.com/index.php?title=AZURE,9,168
73c05e5cc83e9ecd,SILVER,https://wiki.amazing-online.com/index.php?title=SILVER,9,171
e9132b4c1fd23e00,ROSE,https://wiki.amazing-online.com/index.php?title=ROSE,6,139
97bdb01b804c8ba5,BLACK,https://wiki.amazing-online.com/index.php?title=BLACK,5,91
887c3c0c3bb360b5,SKY,https://wiki.amazing-online.com/index.php?title=SKY,4,96
ec30b83c1a37def8,TITAN,https://wiki.amazing-online.com/index.php?title=TITAN,4,79
375c69678d886c31,X,https://wiki.amazing-online.com/index.php?title=X,4,65
b2a29d6f99681c85,FIRE,https://wiki.amazing-online.com/index.php?title=FIRE,3,61
537521ae6e579ede,LIME,https://wiki.amazing-online.com/index.php?title=LIME,3,81
20f5c3132cbad5b6,Переводы между серверами,https://wiki.amazing-online.com/index.php?title=%D0%9F%D0%B5%D1%80%D0%B5%D0%B2%D0%BE%D0%B4%D1%8B_%D0%BC%D0%B5%D0%B6%D0%B4%D1%83_%D1%81%D0%B5%D1%80%D0%B2%D0%B5%D1%80%D0%B0%D0%BC%D0%B8,5,316
2bf83e2aad94b8ed,Игровой уровень,https://wiki.amazing-online.com/index.php?title=%D0%98%D0%B3%D1%80%D0%BE%D0%B2%D0%BE%D0%B9_%D1%83%D1%80%D0%BE%D0%B2%D0%B5%D0%BD%D1%8C,4,373
9c9e8dbf7e06d900,Навыки на работах,https://wiki.amazing-online.com/index.php?title=%D0%9D%D0%B0%D0%B2%D1%8B%D0%BA%D0%B8_%D0%BD%D0%B0_%D1%80%D0%B0%D0%B1%D0%BE%D1%82%D0%B0%D1%85,3,567
5313a9f9eb5f0ca0,Прокачка персонажа,https://wiki.amazing-online.com/index.php?title=%D0%9F%D1%80%D0%BE%D0%BA%D0%B0%D1%87%D0%BA%D0%B0_%D0%BF%D0%B5%D1%80%D1%81%D0%BE%D0%BD%D0%B0%D0%B6%D0%B0,3,909
4dafc6816b1ceca8,AMAZING PASS,https://wiki.amazing-online.com/index.php?title=AMAZING_PASS,4,267
6aeec83c640d2bbc,Статус VIP,https://wiki.amazing-online.com/index.php?title=%D0%A1%D1%82%D0%B0%D1%82%D1%83%D1%81_VIP,3,473
7877ca3dfb777a62,Чит-коды,https://wiki.amazing-online.com/index.php?title=%D0%A7%D0%B8%D1%82-%D0%BA%D0%BE%D0%B4%D1%8B,3,121
3f74b835799dc1db,Достижения в спорте,https://wiki.amazing-online.com/index.php?title=%D0%94%D0%BE%D1%81%D1%82%D0%B8%D0%B6%D0%B5%D0%BD%D0%B8%D1%8F_%D0%B2_%D1%81%D0%BF%D0%BE%D1%80%D1%82%D0%B5,3,93
a3923374160de8f9,Майский ивент,https://wiki.amazing-online.com/index.php?title=%D0%9C%D0%B0%D0%B9%D1%81%D0%BA%D0%B8%D0%B9_%D0%B8%D0%B2%D0%B5%D0%BD%D1%82,25,698
047d34381fb60bdd,Новогодний ивент,https://wiki.amazing-online.com/index.php?title=%D0%9D%D0%BE%D0%B2%D0%BE%D0%B3%D0%BE%D0%B4%D0%BD%D0%B8%D0%B9_%D0%B8%D0%B2%D0%B5%D0%BD%D1%82,28,1510
7499db223ea22426,Хэллоуинский ивент,https://wiki.amazing-online.com/index.php?title=%D0%A5%D1%8D%D0%BB%D0%BB%D0%BE%D1%83%D0%B8%D0%BD%D1%81%D0%BA%D0%B8%D0%B9_%D0%B8%D0%B2%D0%B5%D0%BD%D1%82,12,804
f7d6d51c86c1f61b,Пасхальный ивент,https://wiki.amazing-online.com/index.php?title=%D0%9F%D0%B0%D1%81%D1%85%D0%B0%D0%BB%D1%8C%D0%BD%D1%8B%D0%B9_%D0%B8%D0%B2%D0%B5%D0%BD%D1%82,2,186
b0d9380cf85b4af1,Сталкер-ивент,https://wiki.amazing-online.com/index.php?title=%D0%A1%D1%82%D0%B0%D0%BB%D0%BA%D0%B5%D1%80-%D0%B8%D0%B2%D0%B5%D0%BD%D1%82,8,2391
84130855488c9cc4,Донат,https://wiki.amazing-online.com/index.php?title=%D0%94%D0%BE%D0%BD%D0%B0%D1%82,11,982
e1b0f6319b273f63,Виды игровых валют,https://wiki.amazing-online.com/index.php?title=%D0%92%D0%B8%D0%B4%D1%8B_%D0%B8%D0%B3%D1%80%D0%BE%D0%B2%D1%8B%D1%85_%D0%B2%D0%B0%D0%BB%D1%8E%D1%82,18,433
61481c9712975a6b,Кейсы,https://wiki.amazing-online.com/index.php?title=%D0%9A%D0%B5%D0%B9%D1%81%D1%8B,57,1727
fa506df2d790bc80,Коины,https://wiki.amazing-online.com/index.php?title=%D0%9A%D0%BE%D0%B8%D0%BD%D1%8B,4,73
0b641ad4775b4ef1,Слоты транспорта,https://wiki.amazing-online.com/index.php?title=%D0%A1%D0%BB%D0%BE%D1%82%D1%8B_%D1%82%D1%80%D0%B0%D0%BD%D1%81%D0%BF%D0%BE%D1%80%D1%82%D0%B0,1,149
a978ec97f71c754c,Система дрифта,https://wiki.amazing-online.com/index.php?title=%D0%A1%D0%B8%D1%81%D1%82%D0%B5%D0%BC%D0%B0_%D0%B4%D1%80%D0%B8%D1%84%D1%82%D0%B0,3,555
4077b2824ba6678a,Система лизинга,https://wiki.amazing-online.com/index.php?title=%D0%A1%D0%B8%D1%81%D1%82%D0%B5%D0%BC%D0%B0_%D0%BB%D0%B8%D0%B7%D0%B8%D0%BD%D0%B3%D0%B0,6,286
a24b1e879a078785,Система аренды самокатов,https://wiki.amazing-online.com/index.php?title=%D0%A1%D0%B8%D1%81%D1%82%D0%B5%D0%BC%D0%B0_%D0%B0%D1%80%D0%B5%D0%BD%D0%B4%D1%8B_%D1%81%D0%B0%D0%BC%D0%BE%D0%BA%D0%B0%D1%82%D0%BE%D0%B2,3,212
a900fee939c6b6f8,Парковки и аренда транспорта,https://wiki.amazing-online.com/index.php?title=%D0%9F%D0%B0%D1%80%D0%BA%D0%BE%D0%B2%D0%BA%D0%B8_%D0%B8_%D0%B0%D1%80%D0%B5%D0%BD%D0%B4%D0%B0_%D1%82%D1%80%D0%B0%D0%BD%D1%81%D0%BF%D0%BE%D1%80%D1%82%D0%B0,9,281
faa929e966c2e2b9,Скуп металлолома,https://wiki.amazing-online.com/index.php?title=%D0%A1%D0%BA%D1%83%D0%BF_%D0%BC%D0%B5%D1%82%D0%B0%D0%BB%D0%BB%D0%BE%D0%BB%D0%BE%D0%BC%D0%B0,3,102
1c808e2feec5cf3f,Список транспорта,https://wiki.amazing-online.com/index.php?title=%D0%A1%D0%BF%D0%B8%D1%81%D0%BE%D0%BA_%D1%82%D1%80%D0%B0%D0%BD%D1%81%D0%BF%D0%BE%D1%80%D1%82%D0%B0,40,3566
56b4643d67050c38,Аудиосистема,https://wiki.amazing-online.com/index.php?title=%D0%90%D1%83%D0%B4%D0%B8%D0%BE%D1%81%D0%B8%D1%81%D1%82%D0%B5%D0%BC%D0%B0,3,193
a1f51cf05b132f52,Стробоскопы,https://wiki.amazing-online.com/index.php?title=%D0%A1%D1%82%D1%80%D0%BE%D0%B1%D0%BE%D1%81%D0%BA%D0%BE%D0%BF%D1%8B,2,84
f277b27c7470c76b,Неоновая подсветка,https://wiki.amazing-online.com/index.php?title=%D0%9D%D0%B5%D0%BE%D0%BD%D0%BE%D0%B2%D0%B0%D1%8F_%D0%BF%D0%BE%D0%B4%D1%81%D0%B2%D0%B5%D1%82%D0%BA%D0%B0,3,126
f8676eff31c6da17,Гидравлика,https://wiki.amazing-online.com/index.php?title=%D0%93%D0%B8%D0%B4%D1%80%D0%B0%D0%B2%D0%BB%D0%B8%D0%BA%D0%B0,2,59
aa62f4b7b9cdab98,Пневмоподвеска,https://wiki.amazing-online.com/index.php?title=%D0%9F%D0%BD%D0%B5%D0%B2%D0%BC%D0%BE%D0%BF%D0%BE%D0%B4%D0%B2%D0%B5%D1%81%D0%BA%D0%B0,2,84
df3789be38fc5c30,Дополнительный багажник,https://wiki.amazing-online.com/index.php?title=%D0%94%D0%BE%D0%BF%D0%BE%D0%BB%D0%BD%D0%B8%D1%82%D0%B5%D0%BB%D1%8C%D0%BD%D1%8B%D0%B9_%D0%B1%D0%B0%D0%B3%D0%B0%D0%B6%D0%BD%D0%B8%D0%BA,2,52
5bb69a0127065580,Дополнительный топливный бак,https://wiki.amazing-online.com/index.php?title=%D0%94%D0%BE%D0%BF%D0%BE%D0%BB%D0%BD%D0%B8%D1%82%D0%B5%D0%BB%D1%8C%D0%BD%D1%8B%D0%B9_%D1%82%D0%BE%D0%BF%D0%BB%D0%B8%D0%B2%D0%BD%D1%8B%D0%B9_%D0%B1%D0%B0%D0%BA,1,39
e820ada60a92f22d,Градиентная покраска,https://wiki.amazing-online.com/index.php?title=%D0%93%D1%80%D0%B0%D0%B4%D0%B8%D0%B5%D0%BD%D1%82%D0%BD%D0%B0%D1%8F_%D0%BF%D0%BE%D0%BA%D1%80%D0%B0%D1%81%D0%BA%D0%B0,2,89
70e01fd709474887,Нитро,https://wiki.amazing-online.com/index.php?title=%D0%9D%D0%B8%D1%82%D1%80%D0%BE,2,95
1bb6579d21e64f71,Брендовая рамка,https://wiki.amazing-online.com/index.php?title=%D0%91%D1%80%D0%B5%D0%BD%D0%B4%D0%BE%D0%B2%D0%B0%D1%8F_%D1%80%D0%B0%D0%BC%D0%BA%D0%B0,3,121
1a89778d0b248fa0,Цветная рамка,https://wiki.amazing-online.com/index.php?title=%D0%A6%D0%B2%D0%B5%D1%82%D0%BD%D0%B0%D1%8F_%D1%80%D0%B0%D0%BC%D0%BA%D0%B0,3,118
214c2051c4749626,Чип-тюнинг,https://wiki.amazing-online.com/index.php?title=%D0%A7%D0%B8%D0%BF-%D1%82%D1%8E%D0%BD%D0%B8%D0%BD%D0%B3,4,141
e1649c24a9dd3b2c,Дрифт-дым,https://wiki.amazing-online.com/index.php?title=%D0%94%D1%80%D0%B8%D1%84%D1%82-%D0%B4%D1%8B%D0%BC,4,123
1577b69772cab26b,Цветные фары,https://wiki.amazing-online.com/index.php?title=%D0%A6%D0%B2%D0%B5%D1%82%D0%BD%D1%8B%D0%B5_%D1%84%D0%B0%D1%80%D1%8B,4,147
5bd179970372324f,Панель быстрого доступа,https://wiki.amazing-online.com/index.php?title=%D0%9F%D0%B0%D0%BD%D0%B5%D0%BB%D1%8C_%D0%B1%D1%8B%D1%81%D1%82%D1%80%D0%BE%D0%B3%D0%BE_%D0%B4%D0%BE%D1%81%D1%82%D1%83%D0%BF%D0%B0,1,35
b9f47ea2dbd875f3,"Меню ""Пауза""",https://wiki.amazing-online.com/index.php?title=%D0%9C%D0%B5%D0%BD%D1%8E_%22%D0%9F%D0%B0%D1%83%D0%B7%D0%B0%22,70,1315
8b130095aa139fc6,Система анимаций,https://wiki.amazing-online.com/index.php?title=%D0%A1%D0%B8%D1%81%D1%82%D0%B5%D0%BC%D0%B0_%D0%B0%D0%BD%D0%B8%D0%BC%D0%B0%D1%86%D0%B8%D0%B9,3,256
0bb878ea64afa4e4,Вид от первого лица,https://wiki.amazing-online.com/index.php?title=%D0%92%D0%B8%D0%B4_%D0%BE%D1%82_%D0%BF%D0%B5%D1%80%D0%B2%D0%BE%D0%B3%D0%BE_%D0%BB%D0%B8%D1%86%D0%B0,4,109
307618ad46627cd8,Радиальное меню,https://wiki.amazing-online.com/index.php?title=%D0%A0%D0%B0%D0%B4%D0%B8%D0%B0%D0%BB%D1%8C%D0%BD%D0%BE%D0%B5_%D0%BC%D0%B5%D0%BD%D1%8E,3,211
842043580d66d215,Инвентарь,https://wiki.amazing-online.com/index.php?title=%D0%98%D0%BD%D0%B2%D0%B5%D0%BD%D1%82%D0%B0%D1%80%D1%8C,13,326
0bac18440ad7ec7a,Голосовой чат,https://wiki.amazing-online.com/index.php?title=%D0%93%D0%BE%D0%BB%D0%BE%D1%81%D0%BE%D0%B2%D0%BE%D0%B9_%D1%87%D0%B0%D1%82,8,166
50a520e004d621b9,Квартиры,https://wiki.amazing-online.com/index.php?title=%D0%9A%D0%B2%D0%B0%D1%80%D1%82%D0%B8%D1%80%D1%8B,3,210
9796200077971d9e,Дома,https://wiki.amazing-online.com/index.php?title=%D0%94%D0%BE%D0%BC%D0%B0,10,330
67915c8d1c94e3ca,Общежития для семей,https://wiki.amazing-online.com/index.php?title=%D0%9E%D0%B1%D1%89%D0%B5%D0%B6%D0%B8%D1%82%D0%B8%D1%8F_%D0%B4%D0%BB%D1%8F_%D1%81%D0%B5%D0%BC%D0%B5%D0%B9,4,347
ee033989f108390d,Семейные особняки,https://wiki.amazing-online.com/index.php?title=%D0%A1%D0%B5%D0%BC%D0%B5%D0%B9%D0%BD%D1%8B%D0%B5_%D0%BE%D1%81%D0%BE%D0%B1%D0%BD%D1%8F%D0%BA%D0%B8,4,282
6cac4f4712b92550,Список домов,https://wiki.amazing-online.com/index.php?title=%D0%A1%D0%BF%D0%B8%D1%81%D0%BE%D0%BA_%D0%B4%D0%BE%D0%BC%D0%BE%D0%B2,11,8163
c4788414f7cb60ca,Водитель автобуса,https://wiki.amazing-online.com/index.php?title=%D0%92%D0%BE%D0%B4%D0%B8%D1%82%D0%B5%D0%BB%D1%8C_%D0%B0%D0%B2%D1%82%D0%BE%D0%B1%D1%83%D1%81%D0%B0,7,777
15684a2128f4c9f0,Лесопилка,https://wiki.amazing-online.com/index.php?title=%D0%9B%D0%B5%D1%81%D0%BE%D0%BF%D0%B8%D0%BB%D0%BA%D0%B0,8,891
a0622fc9fae71845,Карьер,https://wiki.amazing-online.com/index.php?title=%D0%9A%D0%B0%D1%80%D1%8C%D0%B5%D1%80,13,1041
9e451ee60dae5cf8,Механик,https://wiki.amazing-online.com/index.php?title=%D0%9C%D0%B5%D1%85%D0%B0%D0%BD%D0%B8%D0%BA,8,811
27a4602f698ef3a9,Фрезеровщик,https://wiki.amazing-online.com/index.php?title=%D0%A4%D1%80%D0%B5%D0%B7%D0%B5%D1%80%D0%BE%D0%B2%D1%89%D0%B8%D0%BA,7,690
e47e36cf17116926,Развозчик,https://wiki.amazing-online.com/index.php?title=%D0%A0%D0%B0%D0%B7%D0%B2%D0%BE%D0%B7%D1%87%D0%B8%D0%BA,8,1028
187baccd7f89dfe5,Таксист,https://wiki.amazing-online.com/index.php?title=%D0%A2%D0%B0%D0%BA%D1%81%D0%B8%D1%81%D1%82,6,894
1e0baed2abf1d599,Рыбалка,https://wiki.amazing-online.com/index.php?title=%D0%A0%D1%8B%D0%B1%D0%B0%D0%BB%D0%BA%D0%B0,6,951
6b1321489034f1e5,Дальнобойщик,https://wiki.amazing-online.com/index.php?title=%D0%94%D0%B0%D0%BB%D1%8C%D0%BD%D0%BE%D0%B1%D0%BE%D0%B9%D1%89%D0%B8%D0%BA,5,672
745ff90655cb561b,Уборщик улиц,https://wiki.amazing-online.com/index.php?title=%D0%A3%D0%B1%D0%BE%D1%80%D1%89%D0%B8%D0%BA_%D1%83%D0%BB%D0%B8%D1%86,11,1149
f428b2ff793c13f9,Ферма,https://wiki.amazing-online.com/index.php?title=%D0%A4%D0%B5%D1%80%D0%BC%D0%B0,17,2076
1a011ae0651a42f2,Донор крови,https://wiki.amazing-online.com/index.php?title=%D0%94%D0%BE%D0%BD%D0%BE%D1%80_%D0%BA%D1%80%D0%BE%D0%B2%D0%B8,4,312
a3519318952160cd,Спермобанк,https://wiki.amazing-online.com/index.php?title=%D0%A1%D0%BF%D0%B5%D1%80%D0%BC%D0%BE%D0%B1%D0%B0%D0%BD%D0%BA,4,231
a511459b38316984,Пгт. Батырево,https://wiki.amazing-online.com/index.php?title=%D0%9F%D0%B3%D1%82._%D0%91%D0%B0%D1%82%D1%8B%D1%80%D0%B5%D0%B2%D0%BE,7,705
89c72fcb64de8612,Пгт. Рыжевск,https://wiki.amazing-online.com/index.php?title=%D0%9F%D0%B3%D1%82._%D0%A0%D1%8B%D0%B6%D0%B5%D0%B2%D1%81%D0%BA,5,526
8a521656896cb9da,Г. Лыткарино,https://wiki.amazing-online.com/index.php?title=%D0%93._%D0%9B%D1%8B%D1%82%D0%BA%D0%B0%D1%80%D0%B8%D0%BD%D0%BE,5,512
d0aa47ba807bf52d,Г. Арзамас,https://wiki.amazing-online.com/index.php?title=%D0%93._%D0%90%D1%80%D0%B7%D0%B0%D0%BC%D0%B0%D1%81,5,612
67e28af072d6aa28,С. Роговичи,https://wiki.amazing-online.com/index.php?title=%D0%A1._%D0%A0%D0%BE%D0%B3%D0%BE%D0%B2%D0%B8%D1%87%D0%B8,4,331
df0759eed38d7323,Г. Южный,https://wiki.amazing-online.com/index.php?title=%D0%93._%D0%AE%D0%B6%D0%BD%D1%8B%D0%B9,6,832
d76fca603a0211c9,Г. Новое Эдово,https://wiki.amazing-online.com/index.php?title=%D0%93._%D0%9D%D0%BE%D0%B2%D0%BE%D0%B5_%D0%AD%D0%B4%D0%BE%D0%B2%D0%BE,3,167
ec97329f9ee911c2,Пос. Малая Эдовка,https://wiki.amazing-online.com/index.php?title=%D0%9F%D0%BE%D1%81._%D0%9C%D0%B0%D0%BB%D0%B0%D1%8F_%D0%AD%D0%B4%D0%BE%D0%B2%D0%BA%D0%B0,5,188
c6645c53817bdc4e,Мкр-н Таврида,https://wiki.amazing-online.com/index.php?title=%D0%9C%D0%BA%D1%80-%D0%BD_%D0%A2%D0%B0%D0%B2%D1%80%D0%B8%D0%B4%D0%B0,3,148
a145e983b0f2a98a,Пос. Карьерный,https://wiki.amazing-online.com/index.php?title=%D0%9F%D0%BE%D1%81._%D0%9A%D0%B0%D1%80%D1%8C%D0%B5%D1%80%D0%BD%D1%8B%D0%B9,3,152
11d8023bca6d6a50,Д. Гарель,https://wiki.amazing-online.com/index.php?title=%D0%94._%D0%93%D0%B0%D1%80%D0%B5%D0%BB%D1%8C,3,125
1333b2d8d0c1c175,Федеральная служба исполнения наказаний,https://wiki.amazing-online.com/index.php?title=%D0%A4%D0%B5%D0%B4%D0%B5%D1%80%D0%B0%D0%BB%D1%8C%D0%BD%D0%B0%D1%8F_%D1%81%D0%BB%D1%83%D0%B6%D0%B1%D0%B0_%D0%B8%D1%81%D0%BF%D0%BE%D0%BB%D0%BD%D0%B5%D0%BD%D0%B8%D1%8F_%D0%BD%D0%B0%D0%BA%D0%B0%D0%B7%D0%B0%D0%BD%D0%B8%D0%B9,13,1665
8aafc802e6c14055,Федеральная служба безопасности,https://wiki.amazing-online.com/index.php?title=%D0%A4%D0%B5%D0%B4%D0%B5%D1%80%D0%B0%D0%BB%D1%8C%D0%BD%D0%B0%D1%8F_%D1%81%D0%BB%D1%83%D0%B6%D0%B1%D0%B0_%D0%B1%D0%B5%D0%B7%D0%BE%D0%BF%D0%B0%D1%81%D0%BD%D0%BE%D1%81%D1%82%D0%B8,3,237
351ac454d517ed59,Патрульно-постовая служба,https://wiki.amazing-online.com/index.php?title=%D0%9F%D0%B0%D1%82%D1%80%D1%83%D0%BB%D1%8C%D0%BD%D0%BE-%D0%BF%D0%BE%D1%81%D1%82%D0%BE%D0%B2%D0%B0%D1%8F_%D1%81%D0%BB%D1%83%D0%B6%D0%B1%D0%B0,22,554
4c62bad0cb3cb6c9,Дорожно-патрульная служба,https://wiki.amazing-online.com/index.php?title=%D0%94%D0%BE%D1%80%D0%BE%D0%B6%D0%BD%D0%BE-%D0%BF%D0%B0%D1%82%D1%80%D1%83%D0%BB%D1%8C%D0%BD%D0%B0%D1%8F_%D1%81%D0%BB%D1%83%D0%B6%D0%B1%D0%B0,3,232
06941bd6ed01cee5,Правительство области,https://wiki.amazing-online.com/index.php?title=%D0%9F%D1%80%D0%B0%D0%B2%D0%B8%D1%82%D0%B5%D0%BB%D1%8C%D1%81%D1%82%D0%B2%D0%BE_%D0%BE%D0%B1%D0%BB%D0%B0%D1%81%D1%82%D0%B8,8,270
430606c6ffd23a03,Единая служба спасения,https://wiki.amazing-online.com/index.php?title=%D0%95%D0%B4%D0%B8%D0%BD%D0%B0%D1%8F_%D1%81%D0%BB%D1%83%D0%B6%D0%B1%D0%B0_%D1%81%D0%BF%D0%B0%D1%81%D0%B5%D0%BD%D0%B8%D1%8F,4,276
09366603d556a704,Телерадиокомпания,https://wiki.amazing-online.com/index.php?title=%D0%A2%D0%B5%D0%BB%D0%B5%D1%80%D0%B0%D0%B4%D0%B8%D0%BE%D0%BA%D0%BE%D0%BC%D0%BF%D0%B0%D0%BD%D0%B8%D1%8F,9,1058
d6edd61114d033b3,Воинская часть,https://wiki.amazing-online.com/index.php?title=%D0%92%D0%BE%D0%B8%D0%BD%D1%81%D0%BA%D0%B0%D1%8F_%D1%87%D0%B0%D1%81%D1%82%D1%8C,21,1289
ea5a5f42f2dfa2d5,Авианосец,https://wiki.amazing-online.com/index.php?title=%D0%90%D0%B2%D0%B8%D0%B0%D0%BD%D0%BE%D1%81%D0%B5%D1%86,3,271
006d5eae2bd7798b,Кавказская мафия,https://wiki.amazing-online.com/index.php?title=%D0%9A%D0%B0%D0%B2%D0%BA%D0%B0%D0%B7%D1%81%D0%BA%D0%B0%D1%8F_%D0%BC%D0%B0%D1%84%D0%B8%D1%8F,4,437
827cf5434b977743,Русская мафия,https://wiki.amazing-online.com/index.php?title=%D0%A0%D1%83%D1%81%D1%81%D0%BA%D0%B0%D1%8F_%D0%BC%D0%B0%D1%84%D0%B8%D1%8F,4,437
bac55fa41c165839,Скинхеды,https://wiki.amazing-online.com/index.php?title=%D0%A1%D0%BA%D0%B8%D0%BD%D1%85%D0%B5%D0%B4%D1%8B,4,415
b005a922a7575970,Байкеры,https://wiki.amazing-online.com/index.php?title=%D0%91%D0%B0%D0%B9%D0%BA%D0%B5%D1%80%D1%8B,4,415
d7858bcfb9467130,Ограбления недвижимости,https://wiki.amazing-online.com/index.php?title=%D0%9E%D0%B3%D1%80%D0%B0%D0%B1%D0%BB%D0%B5%D0%BD%D0%B8%D1%8F_%D0%BD%D0%B5%D0%B4%D0%B2%D0%B8%D0%B6%D0%B8%D0%BC%D0%BE%D1%81%D1%82%D0%B8,9,1023
e089cbbe5ee68db0,Крушение корабля,https://wiki.amazing-online.com/index.php?title=%D0%9A%D1%80%D1%83%D1%88%D0%B5%D0%BD%D0%B8%D0%B5_%D0%BA%D0%BE%D1%80%D0%B0%D0%B1%D0%BB%D1%8F,3,328
bf04595a23c8a019,Рейд,https://wiki.amazing-online.com/index.php?title=%D0%A0%D0%B5%D0%B9%D0%B4,2,276
708e5932c2a071bd,Цех,https://wiki.amazing-online.com/index.php?title=%D0%A6%D0%B5%D1%85,3,367
2ac8147960a39b91,Крушение военного поезда,https://wiki.amazing-online.com/index.php?title=%D0%9A%D1%80%D1%83%D1%88%D0%B5%D0%BD%D0%B8%D0%B5_%D0%B2%D0%BE%D0%B5%D0%BD%D0%BD%D0%BE%D0%B3%D0%BE_%D0%BF%D0%BE%D0%B5%D0%B7%D0%B4%D0%B0,3,208
cd2548300fe1a204,Семейное ограбление,https://wiki.amazing-online.com/index.php?title=%D0%A1%D0%B5%D0%BC%D0%B5%D0%B9%D0%BD%D0%BE%D0%B5_%D0%BE%D0%B3%D1%80%D0%B0%D0%B1%D0%BB%D0%B5%D0%BD%D0%B8%D0%B5,5,421
cc594477644e1951,Автоугон,https://wiki.amazing-online.com/index.php?title=%D0%90%D0%B2%D1%82%D0%BE%D1%83%D0%B3%D0%BE%D0%BD,2,176
8e2a680f086fd05c,Ограбление контейнеров,https://wiki.amazing-online.com/index.php?title=%D0%9E%D0%B3%D1%80%D0%B0%D0%B1%D0%BB%D0%B5%D0%BD%D0%B8%D0%B5_%D0%BA%D0%BE%D0%BD%D1%82%D0%B5%D0%B9%D0%BD%D0%B5%D1%80%D0%BE%D0%B2,10,491
cdc9ae79919f11f8,Война за бизнес,https://wiki.amazing-online.com/index.php?title=%D0%92%D0%BE%D0%B9%D0%BD%D0%B0_%D0%B7%D0%B0_%D0%B1%D0%B8%D0%B7%D0%BD%D0%B5%D1%81,4,380
8a3735fc09bbd5f2,Война за территорию,https://wiki.amazing-online.com/index.php?title=%D0%92%D0%BE%D0%B9%D0%BD%D0%B0_%D0%B7%D0%B0_%D1%82%D0%B5%D1%80%D1%80%D0%B8%D1%82%D0%BE%D1%80%D0%B8%D1%8E,4,346
ee5649f181f70723,Граффити,https://wiki.amazing-online.com/index.php?title=%D0%93%D1%80%D0%B0%D1%84%D1%84%D0%B8%D1%82%D0%B8,8,442
ad974dc65434e71b,Заброшенные ящики,https://wiki.amazing-online.com/index.php?title=%D0%97%D0%B0%D0%B1%D1%80%D0%BE%D1%88%D0%B5%D0%BD%D0%BD%D1%8B%D0%B5_%D1%8F%D1%89%D0%B8%D0%BA%D0%B8,5,185
4d0705724d998812,Семейные стрелы за бизнес,https://wiki.amazing-online.com/index.php?title=%D0%A1%D0%B5%D0%BC%D0%B5%D0%B9%D0%BD%D1%8B%D0%B5_%D1%81%D1%82%D1%80%D0%B5%D0%BB%D1%8B_%D0%B7%D0%B0_%D0%B1%D0%B8%D0%B7%D0%BD%D0%B5%D1%81,3,110
ba9f28728e1fdfe8,Система кладов,https://wiki.amazing-online.com/index.php?title=%D0%A1%D0%B8%D1%81%D1%82%D0%B5%D0%BC%D0%B0_%D0%BA%D0%BB%D0%B0%D0%B4%D0%BE%D0%B2,5,445
8e2292b8a08b6cee,Система трейда,https://wiki.amazing-online.com/index.php?title=%D0%A1%D0%B8%D1%81%D1%82%D0%B5%D0%BC%D0%B0_%D1%82%D1%80%D0%B5%D0%B9%D0%B4%D0%B0,4,216
579a830801977016,Система сожительства,https://wiki.amazing-online.com/index.php?title=%D0%A1%D0%B8%D1%81%D1%82%D0%B5%D0%BC%D0%B0_%D1%81%D0%BE%D0%B6%D0%B8%D1%82%D0%B5%D0%BB%D1%8C%D1%81%D1%82%D0%B2%D0%B0,6,102
7a6972adaed92ac7,Система бракосочетания,https://wiki.amazing-online.com/index.php?title=%D0%A1%D0%B8%D1%81%D1%82%D0%B5%D0%BC%D0%B0_%D0%B1%D1%80%D0%B0%D0%BA%D0%BE%D1%81%D0%BE%D1%87%D0%B5%D1%82%D0%B0%D0%BD%D0%B8%D1%8F,4,332
c0dbe2991b2f4f86,Система контейнеров,https://wiki.amazing-online.com/index.php?title=%D0%A1%D0%B8%D1%81%D1%82%D0%B5%D0%BC%D0%B0_%D0%BA%D0%BE%D0%BD%D1%82%D0%B5%D0%B9%D0%BD%D0%B5%D1%80%D0%BE%D0%B2,3,148
a0d9abb500734fc8,Система нужд,https://wiki.amazing-online.com/index.php?title=%D0%A1%D0%B8%D1%81%D1%82%D0%B5%D0%BC%D0%B0_%D0%BD%D1%83%D0%B6%D0%B4,4,400
49461f67e10326e5,Крафт,https://wiki.amazing-online.com/index.php?title=%D0%9A%D1%80%D0%B0%D1%84%D1%82,5,721
998455accef57a1b,Пенсии,https://wiki.amazing-online.com/index.php?title=%D0%9F%D0%B5%D0%BD%D1%81%D0%B8%D0%B8,5,99
2a1ec31dbb672cf1,Зеленая зона,https://wiki.amazing-online.com/index.php?title=%D0%97%D0%B5%D0%BB%D0%B5%D0%BD%D0%B0%D1%8F_%D0%B7%D0%BE%D0%BD%D0%B0,3,90
6fa64d6488533725,Система розыска,https://wiki.amazing-online.com/index.php?title=%D0%A1%D0%B8%D1%81%D1%82%D0%B5%D0%BC%D0%B0_%D1%80%D0%BE%D0%B7%D1%8B%D1%81%D0%BA%D0%B0,2,179
279675eb55c4caed,Состояние при смерти,https://wiki.amazing-online.com/index.php?title=%D0%A1%D0%BE%D1%81%D1%82%D0%BE%D1%8F%D0%BD%D0%B8%D0%B5_%D0%BF%D1%80%D0%B8_%D1%81%D0%BC%D0%B5%D1%80%D1%82%D0%B8,5,273
8ba22207f5f7b1b7,Релаксанты,https://wiki.amazing-online.com/index.php?title=%D0%A0%D0%B5%D0%BB%D0%B0%D0%BA%D1%81%D0%B0%D0%BD%D1%82%D1%8B,5,74
5b02d3c24a45c1a3,Трудовая книга,https://wiki.amazing-online.com/index.php?title=%D0%A2%D1%80%D1%83%D0%B4%D0%BE%D0%B2%D0%B0%D1%8F_%D0%BA%D0%BD%D0%B8%D0%B3%D0%B0,3,107
2d238641265d1ac2,Лицензии,https://wiki.amazing-online.com/index.php?title=%D0%9B%D0%B8%D1%86%D0%B5%D0%BD%D0%B7%D0%B8%D0%B8,3,69
fdbe810841aea1d8,Паспорт,https://wiki.amazing-online.com/index.php?title=%D0%9F%D0%B0%D1%81%D0%BF%D0%BE%D1%80%D1%82,5,122
5a520624ceadea74,Накладная на груз,https://wiki.amazing-online.com/index.php?title=%D0%9D%D0%B0%D0%BA%D0%BB%D0%B0%D0%B4%D0%BD%D0%B0%D1%8F_%D0%BD%D0%B0_%D0%B3%D1%80%D1%83%D0%B7,3,37
ad67196f16e696de,Военный билет,https://wiki.amazing-online.com/index.php?title=%D0%92%D0%BE%D0%B5%D0%BD%D0%BD%D1%8B%D0%B9_%D0%B1%D0%B8%D0%BB%D0%B5%D1%82,4,415
3559bea5f4eacb3b,Удостоверение,https://wiki.amazing-online.com/index.php?title=%D0%A3%D0%B4%D0%BE%D1%81%D1%82%D0%BE%D0%B2%D0%B5%D1%80%D0%B5%D0%BD%D0%B8%D0%B5,4,79
a40e91a60cbb4a40,Бойцовский клуб,https://wiki.amazing-online.com/index.php?title=%D0%91%D0%BE%D0%B9%D1%86%D0%BE%D0%B2%D1%81%D0%BA%D0%B8%D0%B9_%D0%BA%D0%BB%D1%83%D0%B1,2,198
99eac21ab490a7a7,Кинотеатр,https://wiki.amazing-online.com/index.php?title=%D0%9A%D0%B8%D0%BD%D0%BE%D1%82%D0%B5%D0%B0%D1%82%D1%80,2,139
d2f7f1275783977e,Казино,https://wiki.amazing-online.com/index.php?title=%D0%9A%D0%B0%D0%B7%D0%B8%D0%BD%D0%BE,5,351
a9fe142e51f53b5a,Центральный рынок,https://wiki.amazing-online.com/index.php?title=%D0%A6%D0%B5%D0%BD%D1%82%D1%80%D0%B0%D0%BB%D1%8C%D0%BD%D1%8B%D0%B9_%D1%80%D1%8B%D0%BD%D0%BE%D0%BA,5,607
137a2cc676baf525,Музыкальная сцена,https://wiki.amazing-online.com/index.php?title=%D0%9C%D1%83%D0%B7%D1%8B%D0%BA%D0%B0%D0%BB%D1%8C%D0%BD%D0%B0%D1%8F_%D1%81%D1%86%D0%B5%D0%BD%D0%B0,17,550
a315d610aa3edc53,Парашютный клуб,https://wiki.amazing-online.com/index.php?title=%D0%9F%D0%B0%D1%80%D0%B0%D1%88%D1%8E%D1%82%D0%BD%D1%8B%D0%B9_%D0%BA%D0%BB%D1%83%D0%B1,3,201
4ec36b383403b2c7,Компьютерный клуб,https://wiki.amazing-online.com/index.php?title=%D0%9A%D0%BE%D0%BC%D0%BF%D1%8C%D1%8E%D1%82%D0%B5%D1%80%D0%BD%D1%8B%D0%B9_%D0%BA%D0%BB%D1%83%D0%B1,14,1212
235905ea7c74d01d,Тир,https://wiki.amazing-online.com/index.php?title=%D0%A2%D0%B8%D1%80,4,669
13745392caff06ab,Ларёк с прессой,https://wiki.amazing-online.com/index.php?title=%D0%9B%D0%B0%D1%80%D1%91%D0%BA_%D1%81_%D0%BF%D1%80%D0%B5%D1%81%D1%81%D0%BE%D0%B9,2,70
2843fda24d51cd73,Митинги,https://wiki.amazing-online.com/index.php?title=%D0%9C%D0%B8%D1%82%D0%B8%D0%BD%D0%B3%D0%B8,5,199
ecd397b226283f1d,Подарки,https://wiki.amazing-online.com/index.php?title=%D0%9F%D0%BE%D0%B4%D0%B0%D1%80%D0%BA%D0%B8,3,121
74bf1f848152e00f,Кернис,https://wiki.amazing-online.com/index.php?title=%D0%9A%D0%B5%D1%80%D0%BD%D0%B8%D1%81,2,98
d5be5885c69b1ebf,Химический завод,https://wiki.amazing-online.com/index.php?title=%D0%A5%D0%B8%D0%BC%D0%B8%D1%87%D0%B5%D1%81%D0%BA%D0%B8%D0%B9_%D0%B7%D0%B0%D0%B2%D0%BE%D0%B4,2,668
648051956aadcd58,Областной суд,https://wiki.amazing-online.com/index.php?title=%D0%9E%D0%B1%D0%BB%D0%B0%D1%81%D1%82%D0%BD%D0%BE%D0%B9_%D1%81%D1%83%D0%B4,4,61
9fdf45fd9033a514,Распределительный центр,https://wiki.amazing-online.com/index.php?title=%D0%A0%D0%B0%D1%81%D0%BF%D1%80%D0%B5%D0%B4%D0%B5%D0%BB%D0%B8%D1%82%D0%B5%D0%BB%D1%8C%D0%BD%D1%8B%D0%B9_%D1%86%D0%B5%D0%BD%D1%82%D1%80,5,435
5963cd6154e35c63,Штрафстоянка,https://wiki.amazing-online.com/index.php?title=%D0%A8%D1%82%D1%80%D0%B0%D1%84%D1%81%D1%82%D0%BE%D1%8F%D0%BD%D0%BA%D0%B0,2,147
06edfc0e947a0e8e,Лодочное СТО,https://wiki.amazing-online.com/index.php?title=%D0%9B%D0%BE%D0%B4%D0%BE%D1%87%D0%BD%D0%BE%D0%B5_%D0%A1%D0%A2%D0%9E,2,183
b63637e3e628d59a,Лаборатория,https://wiki.amazing-online.com/index.php?title=%D0%9B%D0%B0%D0%B1%D0%BE%D1%80%D0%B0%D1%82%D0%BE%D1%80%D0%B8%D1%8F,2,295
1b8a8dc4be7ed321,Семейные лаборатории,https://wiki.amazing-online.com/index.php?title=%D0%A1%D0%B5%D0%BC%D0%B5%D0%B9%D0%BD%D1%8B%D0%B5_%D0%BB%D0%B0%D0%B1%D0%BE%D1%80%D0%B0%D1%82%D0%BE%D1%80%D0%B8%D0%B8,8,254
1b51f8e719e4e101,Прачечная,https://wiki.amazing-online.com/index.php?title=%D0%9F%D1%80%D0%B0%D1%87%D0%B5%D1%87%D0%BD%D0%B0%D1%8F,3,436
3f2b8822b60cf17a,Доставка еды,https://wiki.amazing-online.com/index.php?title=%D0%94%D0%BE%D1%81%D1%82%D0%B0%D0%B2%D0%BA%D0%B0_%D0%B5%D0%B4%D1%8B,3,249
09a4df3e5eeb47a9,Автошкола,https://wiki.amazing-online.com/index.php?title=%D0%90%D0%B2%D1%82%D0%BE%D1%88%D0%BA%D0%BE%D0%BB%D0%B0,4,632
c6cab348b8f27421,Автосалоны,https://wiki.amazing-online.com/index.php?title=%D0%90%D0%B2%D1%82%D0%BE%D1%81%D0%B0%D0%BB%D0%BE%D0%BD%D1%8B,6,570
efb5ac78841fd1cd,Рынок,https://wiki.amazing-online.com/index.php?title=%D0%A0%D1%8B%D0%BD%D0%BE%D0%BA,3,283
8f4d8fcb246ffe2f,Банк,https://wiki.amazing-online.com/index.php?title=%D0%91%D0%B0%D0%BD%D0%BA,3,400
fbd0bc6227bd8c68,Баня,https://wiki.amazing-online.com/index.php?title=%D0%91%D0%B0%D0%BD%D1%8F,2,141
d88a218be79afd8b,Нелегальный тюнинг,https://wiki.amazing-online.com/index.php?title=%D0%9D%D0%B5%D0%BB%D0%B5%D0%B3%D0%B0%D0%BB%D1%8C%D0%BD%D1%8B%D0%B9_%D1%82%D1%8E%D0%BD%D0%B8%D0%BD%D0%B3,5,329
49f4297e0bf876b1,Анашан,https://wiki.amazing-online.com/index.php?title=%D0%90%D0%BD%D0%B0%D1%88%D0%B0%D0%BD,3,248
3ecfbefa4ed27cc7,Банкоматы,https://wiki.amazing-online.com/index.php?title=%D0%91%D0%B0%D0%BD%D0%BA%D0%BE%D0%BC%D0%B0%D1%82%D1%8B,3,175
caecad6e2e6e32ff,Мусорные баки,https://wiki.amazing-online.com/index.php?title=%D0%9C%D1%83%D1%81%D0%BE%D1%80%D0%BD%D1%8B%D0%B5_%D0%B1%D0%B0%D0%BA%D0%B8,3,83
6caa036731ef58db,Ваучеры,https://wiki.amazing-online.com/index.php?title=%D0%92%D0%B0%D1%83%D1%87%D0%B5%D1%80%D1%8B,11,499
9ed81f65c205289e,Улучшения семьи,https://wiki.amazing-online.com/index.php?title=%D0%A3%D0%BB%D1%83%D1%87%D1%88%D0%B5%D0%BD%D0%B8%D1%8F_%D1%81%D0%B5%D0%BC%D1%8C%D0%B8,37,700
0028db7a74c7b048,Предупреждения для семей,https://wiki.amazing-online.com/index.php?title=%D0%9F%D1%80%D0%B5%D0%B4%D1%83%D0%BF%D1%80%D0%B5%D0%B6%D0%B4%D0%B5%D0%BD%D0%B8%D1%8F_%D0%B4%D0%BB%D1%8F_%D1%81%D0%B5%D0%BC%D0%B5%D0%B9,2,188
517db30ec45d51f2,Аукцион логотипов,https://wiki.amazing-online.com/index.php?title=%D0%90%D1%83%D0%BA%D1%86%D0%B8%D0%BE%D0%BD_%D0%BB%D0%BE%D0%B3%D0%BE%D1%82%D0%B8%D0%BF%D0%BE%D0%B2,3,70
8e8263e34707df2b,Захват территорий,https://wiki.amazing-online.com/index.php?title=%D0%97%D0%B0%D1%85%D0%B2%D0%B0%D1%82_%D1%82%D0%B5%D1%80%D1%80%D0%B8%D1%82%D0%BE%D1%80%D0%B8%D0%B9,6,357
8b3c0592dce68df6,Магазин оружия,https://wiki.amazing-online.com/index.php?title=%D0%9C%D0%B0%D0%B3%D0%B0%D0%B7%D0%B8%D0%BD_%D0%BE%D1%80%D1%83%D0%B6%D0%B8%D1%8F,1,22
f30fd5aefe5a4afd,Транспортные компании,https://wiki.amazing-online.com/index.php?title=%D0%A2%D1%80%D0%B0%D0%BD%D1%81%D0%BF%D0%BE%D1%80%D1%82%D0%BD%D1%8B%D0%B5_%D0%BA%D0%BE%D0%BC%D0%BF%D0%B0%D0%BD%D0%B8%D0%B8,1,123
